id	difficulty	filters	status	same_clauses	same_genes	count_verified	rows_local	rows_live	reference_rows_live	tokens	seconds	url
D1	Easy	1	ok	true	true	true	1494	1485	1485	4208	141.9	https://www.proteinatlas.org/search/protein_class:Transcription+factors
D2	Easy	1	ok	true	true	true	509	509	509	4205	123.9	https://www.proteinatlas.org/search/protein_class:Enzymes;Kinases
D3	Easy	1	ok	true	true	true	384	384	384	4209	147.9	https://www.proteinatlas.org/search/protein_class:CD+markers
D4	Easy	1	ok	true	true	true	267	267	267	3706	140.0	https://www.proteinatlas.org/search/tissue_category_rna:Liver;Tissue+enriched
D5	Easy	1	ok	true	true	true	176	176	176	3455	153.9	https://www.proteinatlas.org/search/tissue_category_rna:Pancreas;Tissue+enhanced
D6	Easy	1	ok	true	true	true	5887	5887	5887	3389	124.0	https://www.proteinatlas.org/search/tissue_category_rna:Kidney;Not+detected
D7	Medium	1	ok	true	true	true	290803	8813	8813	3451	167.2	https://www.proteinatlas.org/search/tissue_category_rna:Detected+in+all
D8	Easy	1	ok	true	true	true	64	64	64	3540	134.7	https://www.proteinatlas.org/search/brain_category_rna:Cerebellum;Region+enriched
D9	Easy	1	ok	true	true	true	3539	3539	3539	3284	155.2	https://www.proteinatlas.org/search/brain_category_rna:Hypothalamus;Not+detected
D10	Easy	1	ok	true	true	true	130	130	130	3694	162.1	https://www.proteinatlas.org/search/cell_type_category_rna:Hepatocytes;Cell+type+enriched
D11	Easy	1	ok	true	true	true	1063	1063	1063	3739	38.4	https://www.proteinatlas.org/search/cell_type_category_rna:Cardiomyocytes;Cell+type+enhanced
D12	Easy	1	ok	true	true	true	235	235	235	3406	39.0	https://www.proteinatlas.org/search/immune_cell_category_rna:Neutrophil;Immune+cell+enriched
D13	Easy	1	ok	true	true	true	785	785	785	2854	27.3	https://www.proteinatlas.org/search/sa_location:Secreted+to+blood
D14	Easy	1	ok	true	true	true	94	94	94	3008	28.9	https://www.proteinatlas.org/search/sa_location:Secreted+to+digestive+system
D15	Easy	1	ok	true	true	true	26422	6283	6283	3277	27.6	https://www.proteinatlas.org/search/subcell_location:Nucleoplasm
D16	Easy	1	ok	true	true	true	4682	1132	1132	3368	23.3	https://www.proteinatlas.org/search/subcell_location:Mitochondria
D17	Easy	1	ok	true	true	true	1160	1160	1160	2865	11.7	https://www.proteinatlas.org/search/chromosome:17
D18	Easy	1	ok	true	true	true	45	45	45	2879	13.4	https://www.proteinatlas.org/search/chromosome:Y
D19	Easy	1	ok	true	true	true	18564	18564	18564	2903	8.0	https://www.proteinatlas.org/search/evidence_summary:Evidence+at+protein+level
D20	Easy	1	ok	true	true	true	1639	1639	1639	3225	6.9	https://www.proteinatlas.org/search/prognostic:Kidney+Renal+Clear+Cell+Carcinoma;Favorable+-+validated+prognostic
D21	Easy	1	ok	true	true	true	268	268	268	3381	8.9	https://www.proteinatlas.org/search/cancer_category_rna:Glioblastoma+Multiforme;Cancer+enriched
D22	Easy	1	ok	true	true	true	394	394	394	3558	6.4	https://www.proteinatlas.org/search/expressionclusterbrain:56%3AHypothalamus+-+Neuropeptide+signaling
D23	Easy	1	ok	true	true	true	17407	17407	17407	2788	8.9	https://www.proteinatlas.org/search/with_antibodies:Yes
D24	Easy	1	ok	true	true	true	460	460	460	3307	5.5	https://www.proteinatlas.org/search/immune_cell_lineage_category_rna:T-cells;Lineage+enriched
D25	Medium	2	ok	true	true	true	253	108	108	5693	20.7	https://www.proteinatlas.org/search/protein_class:Enzymes+AND+tissue_category_rna:Liver;Tissue+enriched
D26	Medium	2	ok	true	true	true	34	33	33	7748	126.3	https://www.proteinatlas.org/search/protein_class:Transcription+factors+AND+tissue_category_rna:Testis;Tissue+enriched
D27	Easy	2	ok	true	true	true	404	404	404	4754	5.0	https://www.proteinatlas.org/search/protein_class:Plasma+proteins+AND+sa_location:Secreted+to+blood
D28	Medium	2	ok	true	true	true	29	29	29	5659	20.5	https://www.proteinatlas.org/search/protein_class:Transporters+AND+tissue_category_rna:Kidney;Tissue+enriched
D29	Easy	2	ok	true	true	true	1	1	1	5282	6.5	https://www.proteinatlas.org/search/protein_class:Voltage-gated+ion+channels+AND+brain_category_rna:Cerebral+cortex;Region+enhanced
D30	Easy	2	ok	true	true	true	33	32	32	4836	5.9	https://www.proteinatlas.org/search/protein_class:FDA+approved+drug+targets+AND+chromosome:X
D31	Medium	2	ok	true	true	true	5	5	5	5291	14.4	https://www.proteinatlas.org/search/protein_class:Nuclear+receptors+AND+tissue_category_rna:Liver;Tissue+enhanced
D32	Easy	2	ok	true	true	true	555	140	140	5251	13.2	https://www.proteinatlas.org/search/protein_class:CD+markers+AND+subcell_location:Plasma+membrane
D33	Medium	2	ok	true	true	true	28	28	28	3938	3.8	https://www.proteinatlas.org/search/tissue_category_rna:Pancreas;Tissue+enriched+AND+sa_location:Secreted+to+digestive+system
D34	Medium	2	ok	true	true	true	107	107	107	4852	17.5	https://www.proteinatlas.org/search/tissue_category_rna:Liver;Tissue+enriched+AND+tissue_category_rna:Kidney;Not+detected
D35	Medium	2	ok	true	true	true	69	69	69	4282	14.5	https://www.proteinatlas.org/search/cell_type_category_rna:Hepatocytes;Cell+type+enriched+AND+sa_location:Secreted+to+blood
D36	Medium	2	ok	true	true	true	36	36	36	4078	15.5	https://www.proteinatlas.org/search/chromosome:1+AND+immune_cell_category_rna:Basophil;Immune+cell+enriched
D37	Medium	2	ok	true	true	true	43	43	43	3946	13.1	https://www.proteinatlas.org/search/tissue_category_rna:Skeletal+muscle;Tissue+enriched+AND+evidence_summary:Evidence+at+protein+level
D38	Easy	2	ok	true	true	true	1303	1303	1303	5231	13.1	https://www.proteinatlas.org/search/protein_class:Enzymes+AND+subcell_location:Cytosol
D39	Medium	2	ok	true	true	true	13	7	7	5281	56.8	https://www.proteinatlas.org/search/protein_class:G-protein+coupled+receptors+AND+tissue_category_rna:Retina;Tissue+enriched
D40	Medium	2	ok	true	true	true	9	9	9	3788	52.7	https://www.proteinatlas.org/search/sa_location:Secreted+to+blood+AND+prognostic:Liver+Hepatocellular+Carcinoma;Unfavorable+-+validated+prognostic
D41	Easy	1	ok	true	true	true	65	65	65	3403	4.7	https://www.proteinatlas.org/search/tissue_category_rna:Placenta;Tissue+enriched
D42	Medium	1	ok	true	true	true	32	32	32	3532	2.7	https://www.proteinatlas.org/search/tissue_category_rna:Thyroid+gland;Group+enriched
D43	Medium	1	ok	true	true	true	291456	8096	8096	3487	45.9	https://www.proteinatlas.org/search/tissue_category_rna:Low+tissue+specificity
D44	Medium	2	ok	true	true	true	13	8	8	5560	55.6	https://www.proteinatlas.org/search/protein_class:Cancer-related+genes+AND+tissue_category_rna:Prostate;Tissue+enriched
D45	Easy	1	ok	true	true	true	5190	1279	1279	3391	49.8	https://www.proteinatlas.org/search/subcell_location:Golgi+apparatus
D46	Easy	1	ok	true	true	true	481	481	481	4182	2.4	https://www.proteinatlas.org/search/protein_class:Enzymes;Peptidases
D47	Easy	1	ok	true	true	true	26	26	26	3404	3.5	https://www.proteinatlas.org/search/tissue_category_rna:Pituitary+gland;Tissue+enriched
D48	Easy	1	ok	true	true	true	5	5	5	3714	45.3	https://www.proteinatlas.org/search/cell_type_category_rna:Astrocytes;Cell+type+enriched
D49	Easy	1	ok	true	true	true	218	218	218	3331	23.9	https://www.proteinatlas.org/search/brain_category_rna:Choroid+plexus;Region+enriched
D50	Easy	1	ok	true	true	true	76	76	76	2936	44.4	https://www.proteinatlas.org/search/sa_location:Secreted+in+brain
D51	Easy	1	ok	true	true	true	89	89	89	4232	45.7	https://www.proteinatlas.org/search/protein_class:Enzymes;Tyr+protein+kinases
D52	Medium	2	ok	true	true	true	25	6	6	5548	37.7	https://www.proteinatlas.org/search/protein_class:Enzymes;Serine-type+peptidases+AND+subcell_location:Plasma+membrane
D53	Medium	2	ok	true	true	true	140	140	140	3937	18.7	https://www.proteinatlas.org/search/tissue_category_rna:Liver;Tissue+enriched+NOT+sa_location:Secreted+to+blood
D54	Medium	3	ok	true	true	true	14	6	6	7078	22.3	https://www.proteinatlas.org/search/tissue_category_rna:Kidney;Tissue+enriched+AND+protein_class:Enzymes+NOT+protein_class:CD+markers
D55	Medium	1	ok	true	true	true	320	320	320	3723	9.0	https://www.proteinatlas.org/search/tissue_category_rna:Kidney,Liver;Tissue+enriched
D56	Medium	2	ok	false	false	true	36	36	18	5751	19.5	https://www.proteinatlas.org/search/protein_class:Transcription+factors+AND+brain_category_rna:Cerebellum,Hypothalamus;Region+enriched,Group+enriched
D57	Medium	1	ok	true	true	true	134	134	134	3498	7.5	https://www.proteinatlas.org/search/tissue_category_rna:Pancreas;Tissue+enriched,Group+enriched
D58	Medium	1	ok	true	true	true	1021	1021	1021	4641	6.2	https://www.proteinatlas.org/search/normal_expression:Liver;hepatocytes;High
D59	Medium	2	ok	true	true	true	1	1	1	5885	88.9	https://www.proteinatlas.org/search/tissue_category_rna:Kidney;Tissue+enriched+AND+normal_expression:Kidney;cells+in+glomeruli;Medium,High
D60	Medium	2	error	false	false	false			21	11576	24.4	
D61	Easy	2	ok	true	true	true	974	967	967	5226	18.4	https://www.proteinatlas.org/search/protein_class:Transcription+factors+AND+subcell_location:Nucleoplasm;Main+location
D62	Medium	2	ok	true	true	true	322	322	322	5357	14.0	https://www.proteinatlas.org/search/protein_class:Enzymes;Kinases+NOT+subcell_location:Nucleoplasm
D63	Medium	2	ok	true	true	true	41	41	41	5387	17.3	https://www.proteinatlas.org/search/protein_class:FDA+approved+drug+targets;Small+molecule+drugs+AND+tissue_category_rna:Liver;Tissue+enhanced
D64	Medium	2	ok	true	true	true	72	72	72	4892	17.0	https://www.proteinatlas.org/search/protein_class:FDA+approved+drug+targets;Biotech+drugs+AND+sa_location:Secreted+to+blood
D65	Easy	2	ok	true	true	true	17	17	17	4791	12.7	https://www.proteinatlas.org/search/protein_class:Cancer-related+genes;Mutational+cancer+driver+genes+AND+chromosome:3
D66	Medium	2	ok	true	true	true	17	17	17	5337	14.2	https://www.proteinatlas.org/search/protein_class:Transcription+factors;Zinc-coordinating+DNA-binding+domains+AND+tissue_category_rna:Testis;Tissue+enriched
D67	Easy	2	ok	true	true	true	3	3	3	5281	7.4	https://www.proteinatlas.org/search/protein_class:Transporters;Transporter+channels+and+pores+AND+brain_category_rna:Cerebral+cortex;Region+enhanced
D68	Medium	2	ok	true	true	true	11	11	11	5331	13.0	https://www.proteinatlas.org/search/protein_class:G-protein+coupled+receptors;Serotonin+receptors+AND+tissue_category_rna:Liver;Not+detected
D69	Medium	2	ok	true	true	true	24	24	24	5421	30.2	https://www.proteinatlas.org/search/protein_class:G-protein+coupled+receptors;Odorant%2Folfactory+and+gustatory+receptors+AND+tissue_category_rna:Detected+in+single
D70	Medium	2	ok	true	true	true	8	2	2	4493	10.2	https://www.proteinatlas.org/search/subcell_location:Plasma+membrane+AND+immune_cell_category_rna:Classical+monocyte;Immune+cell+enriched
D71	Medium	2	ok	false	true	false	15815	540	540	5194	18.0	https://www.proteinatlas.org/search/protein_class:Transcription+factors+AND+immune_cell_category_rna:Not+detected
D72	Medium	2	ok	true	true	true	10	10	10	3965	8.4	https://www.proteinatlas.org/search/immune_cell_lineage_category_rna:B-cells;Lineage+enriched+AND+sa_location:Secreted+to+blood
D73	Medium	2	ok	true	true	true	46	46	46	5069	20.1	https://www.proteinatlas.org/search/protein_class:Transcription+factors+AND+prognostic:Lung+Adenocarcinoma;Favorable+-+potential+prognostic
D74	Medium	2	ok	true	true	true	72	16	16	4247	34.6	https://www.proteinatlas.org/search/subcell_location:Plasma+membrane+AND+prognostic:Pancreatic+Adenocarcinoma;Unfavorable+-+validated+prognostic
D75	Medium	2	ok	true	true	true	200	86	86	5310	31.3	https://www.proteinatlas.org/search/protein_class:Enzymes+AND+cancer_category_rna:Liver+Hepatocellular+Carcinoma;Cancer+enriched
D76	Medium	2	ok	true	true	true	40	40	40	4616	19.7	https://www.proteinatlas.org/search/tissue_category_rna:Testis;Tissue+enriched+AND+cancer_category_rna:Testicular+Germ+Cell+Tumor;Cancer+enhanced
D77	Medium	2	ok	true	true	true	36	36	36	4498	19.2	https://www.proteinatlas.org/search/expressionclusterbrain:56%3AHypothalamus+-+Neuropeptide+signaling+AND+brain_category_rna:Hypothalamus;Region+enriched
D78	Easy	1	ok	true	true	true	403	403	403	3514	13.3	https://www.proteinatlas.org/search/expressionclusterbrain:30%3AWhite+matter+-+Myelination
D79	Easy	2	ok	true	true	true	33	8	8	4445	26.3	https://www.proteinatlas.org/search/expressionclusterblood:4%3ANeutrophils+-+Degranulation+AND+subcell_location:Plasma+membrane
D80	Easy	1	ok	true	true	true	156	156	156	3420	9.7	https://www.proteinatlas.org/search/expressionclusterblood:46%3ABasophils+-+Proteolysis
D81	Medium	3	ok	true	true	true	15	15	15	5939	15.4	https://www.proteinatlas.org/search/brain_category_rna:Cerebral+cortex;Region+enriched+AND+tissue_category_rna:Liver;Not+detected+AND+tissue_category_rna:Kidney;Not+detected
D82	Medium	3	ok	true	true	true	1	1	1	5834	20.5	https://www.proteinatlas.org/search/protein_class:Voltage-gated+ion+channels+AND+tissue_category_rna:Heart+muscle;Tissue+enriched+AND+evidence_summary:Evidence+at+protein+level
D83	Easy	2	ok	true	true	true	96	96	96	3461	7.0	https://www.proteinatlas.org/search/chromosome:19+AND+evidence_summary:Evidence+at+transcript+level
D84	Easy	1	ok	true	true	true	13	13	13	2880	5.6	https://www.proteinatlas.org/search/chromosome:MT
D85	Medium	2	ok	true	true	true	36	36	36	3950	6.6	https://www.proteinatlas.org/search/tissue_category_rna:Testis;Tissue+enriched+AND+sa_location:Secreted+in+male+reproductive+system
D86	Medium	2	ok	true	true	true	236	236	236	3537	10.6	https://www.proteinatlas.org/search/sa_location:Secreted+to+extracellular+matrix+NOT+sa_location:Secreted+to+blood
D87	Easy	1	ok	true	true	true	1661	1661	1661	3379	3.1	https://www.proteinatlas.org/search/subcell_location:Vesicles;Main+location
D88	Easy	1	ok	false	false	true	509	98	90	4995	11.9	https://www.proteinatlas.org/search/subcell_location:Nucleoli+AND+if_reliability:Enhanced
D89	Easy	1	error	false	false	false			600	2480	2.1	
D90	Medium	2	ok	true	true	true	507	123	123	4792	21.3	https://www.proteinatlas.org/search/subcell_location:Plasma+membrane+AND+cell_type_category_rna:Kupffer+cells;Cell+type+enhanced
D91	Medium	2	ok	true	true	true	13	13	13	4731	4.0	https://www.proteinatlas.org/search/tissue_category_rna:Liver;Not+detected+AND+cell_type_category_rna:Oligodendrocytes;Cell+type+enriched
D92	Medium	1	ok	true	true	true	15	15	15	3778	2.5	https://www.proteinatlas.org/search/cell_type_category_rna:Leydig+cells,Sertoli+cells;Cell+type+enriched
D93	Medium	2	ok	true	true	true	4844	195	195	5491	15.8	https://www.proteinatlas.org/search/protein_class:CD+markers+AND+tissue_category_rna:Detected+in+many
D94	Medium	2	ok	true	true	true	1049	240	240	5441	16.8	https://www.proteinatlas.org/search/protein_class:Transcription+factors+AND+tissue_category_rna:Detected+in+some
D95	Medium	2	ok	true	true	true	5798	446	446	5231	19.5	https://www.proteinatlas.org/search/protein_class:Enzymes;Kinases+AND+brain_category_rna:Detected+in+all
D96	Medium	2	ok	false	true	true	65	65	65	5126	8.2	https://www.proteinatlas.org/search/immune_cell_category_rna:NK-cell;Immune+cell+enriched+NOT+immune_cell_lineage_category_rna:T-cells;Lineage+enriched,Group+enriched
D97	Medium	2	ok	true	true	true	10	10	10	5320	8.8	https://www.proteinatlas.org/search/tissue_category_rna:Thyroid+gland;Tissue+enriched+NOT+protein_class:Cancer-related+genes
D98	Medium	3	ok	true	true	true	34	34	34	6487	21.0	https://www.proteinatlas.org/search/protein_class:Transporters+AND+tissue_category_rna:Liver;Tissue+enriched+NOT+tissue_category_rna:Kidney;Tissue+enriched
D99	Medium	1	ok	true	true	true	1842	1842	1842	4686	113.9	https://www.proteinatlas.org/search/normal_expression:Cerebellum;Purkinje+cells;High
D100	Medium	2	ok	true	true	true	34	34	34	5695	120.3	https://www.proteinatlas.org/search/tissue_category_rna:Heart+muscle;Tissue+enhanced+AND+normal_expression:Heart+muscle;cardiomyocytes;Not+detected
D101	Medium	5	error	false	false	false			6	10812	24.5	
D102	Medium	5	ok	true	true	true	17	17	17	8328	26.0	https://www.proteinatlas.org/search/protein_class:Transcription+factors+AND+tissue_category_rna:Testis;Tissue+enriched+AND+brain_category_rna:Cerebral+cortex;Not+detected+AND+brain_category_rna:Cerebellum;Not+detected+AND+evidence_summary:Evidence+at+protein+level
D103	Hard	5	ok	false	false	true	4	4	1	8978	12.8	https://www.proteinatlas.org/search/tissue_category_rna:Kidney;Tissue+enriched+AND+protein_class:Transporters+AND+subcell_location:Plasma+membrane+NOT+protein_class:FDA+approved+drug+targets
D104	Medium	5	ok	true	true	true	2	2	2	8473	15.9	https://www.proteinatlas.org/search/protein_class:Enzymes;Peptidases+AND+tissue_category_rna:Pancreas;Tissue+enriched+AND+sa_location:Secreted+to+digestive+system+AND+tissue_category_rna:Liver;Not+detected+AND+tissue_category_rna:Lung;Not+detected
D105	Hard	5	ok	true	true	true	52	4	4	8099	13.3	https://www.proteinatlas.org/search/protein_class:Voltage-gated+ion+channels+AND+chromosome:1,2+AND+tissue_category_rna:Liver;Not+detected+AND+brain_category_rna:Detected+in+all+AND+subcell_location:Plasma+membrane
D106	Medium	5	ok	true	true	true	32	32	32	7830	17.2	https://www.proteinatlas.org/search/protein_class:Plasma+proteins+AND+cell_type_category_rna:Hepatocytes;Cell+type+enriched+AND+sa_location:Secreted+to+blood+AND+evidence_summary:Evidence+at+protein+level+AND+tissue_category_rna:Kidney;Not+detected
D107	Medium	4	ok	false	true	true	152	36	36	5957	13.8	https://www.proteinatlas.org/search/immune_cell_category_rna:Neutrophil;Immune+cell+enriched+AND+subcell_location:Plasma+membrane+AND+with_antibodies:Yes+NOT+immune_cell_lineage_category_rna:T-cells;Lineage+enriched,Group+enriched
D108	Medium	3	ok	true	true	true	45	11	11	5942	12.6	https://www.proteinatlas.org/search/expressionclusterbrain:47%3AEndothelial+cells+-+Vasculature+AND+cell_type_category_rna:Lymphatic+endothelial+cells;Cell+type+enhanced+AND+subcell_location:Plasma+membrane
D109	Medium	3	ok	true	true	true	14	14	14	5114	10.0	https://www.proteinatlas.org/search/prognostic:Kidney+Renal+Clear+Cell+Carcinoma;Favorable+-+validated+prognostic+AND+tissue_category_rna:Kidney;Tissue+enriched+NOT+sa_location:Secreted+to+blood
D110	Medium	2	ok	true	true	true	6	6	6	4306	11.5	https://www.proteinatlas.org/search/cancer_category_rna:Liver+Hepatocellular+Carcinoma;Cancer+enhanced+AND+prognostic:Liver+Hepatocellular+Carcinoma;Unfavorable+-+potential+prognostic,Unfavorable+-+validated+prognostic
D111	Hard	4	ok	true	true	true	231	7	7	8287	42.8	https://www.proteinatlas.org/search/protein_class:Enzymes;Tyr+protein+kinases+AND+tissue_category_rna:Detected+in+all+AND+subcell_location:Plasma+membrane+AND+protein_class:FDA+approved+drug+targets;Small+molecule+drugs
D112	Hard	4	ok	true	true	true	3003	91	91	6990	29.3	https://www.proteinatlas.org/search/protein_class:Transcription+factors;Zinc-coordinating+DNA-binding+domains+AND+chromosome:19+AND+subcell_location:Nucleoplasm;Main+location+AND+tissue_category_rna:Detected+in+all
D113	Medium	3	ok	true	true	true	6	6	6	5849	18.9	https://www.proteinatlas.org/search/tissue_category_rna:Testis;Tissue+enriched+AND+cell_type_category_rna:Leydig+cells,Sertoli+cells;Cell+type+enriched+AND+tissue_category_rna:Ovary;Not+detected
D114	Medium	3	ok	true	true	true	131	131	131	5893	9.4	https://www.proteinatlas.org/search/sa_location:Secreted+to+blood+AND+tissue_category_rna:Kidney,Liver;Tissue+enriched+NOT+protein_class:CD+markers
D115	Medium	3	ok	true	true	true	3536	272	272	5943	19.4	https://www.proteinatlas.org/search/cell_type_category_rna:Astrocytes;Cell+type+enhanced+AND+brain_category_rna:Detected+in+all+AND+tissue_category_rna:Liver;Not+detected
D116	Hard	3	ok	true	true	true	34	34	34	4646	14.7	https://www.proteinatlas.org/search/tissue_category_rna:Pancreas;Tissue+enriched,Group+enriched+AND+sa_location:Secreted+to+digestive+system+NOT+sa_location:Secreted+to+blood
D117	Medium	3	ok	true	true	true	4	4	4	7635	140.7	https://www.proteinatlas.org/search/tissue_category_rna:Thyroid+gland;Tissue+enriched+AND+normal_expression:Thyroid+gland;glandular+cells;Medium,High+NOT+protein_class:Cancer-related+genes
D118	Medium	3	ok	true	true	true	1	1	1	6240	140.6	https://www.proteinatlas.org/search/tissue_category_rna:Placenta;Tissue+enriched+AND+normal_expression:Placenta;trophoblastic+cells;High+AND+sa_location:Secreted+to+blood
D119	Medium	3	ok	true	true	true	18	18	18	7083	135.8	https://www.proteinatlas.org/search/brain_category_rna:Cerebellum;Region+enriched+AND+normal_expression:Kidney;cells+in+glomeruli;Not+detected+AND+tissue_category_rna:Liver;Not+detected
D120	Medium	3	ok	true	true	true	45	45	45	4576	17.0	https://www.proteinatlas.org/search/chromosome:1+AND+immune_cell_category_rna:Basophil,Eosinophil;Immune+cell+enriched+NOT+sa_location:Secreted+to+blood
D121	Medium	3	ok	false	false	true	40	40	35	6309	127.8	https://www.proteinatlas.org/search/tissue_category_rna:Prostate;Tissue+enriched,Group+enriched,Tissue+enhanced+AND+normal_expression:Prostate;glandular+cells;Medium,High+NOT+sa_location:Secreted+to+blood
D122	Medium	3	ok	true	true	true	86	86	86	6855	20.3	https://www.proteinatlas.org/search/cell_type_category_rna:Oligodendrocytes;Cell+type+enhanced+AND+expressionclusterbrain:30%3AWhite+matter+-+Myelination+NOT+protein_class:Enzymes;Kinases
D123	Medium	3	ok	true	true	true	28	11	11	6422	22.9	https://www.proteinatlas.org/search/protein_class:Enzymes+AND+expressionclusterbrain:41%3AMonoamines+-+Neurotransmitter+signalling+AND+tissue_category_rna:Liver;Not+detected
D124	Medium	3	ok	true	true	true	115	20	20	6347	20.1	https://www.proteinatlas.org/search/tissue_category_rna:Ovary;Tissue+enhanced+AND+tissue_category_rna:Testis;Not+detected+AND+tissue_category_rna:Detected+in+some
D125	Medium	4	ok	true	true	true	8	8	8	6148	16.0	https://www.proteinatlas.org/search/tissue_category_rna:Salivary+gland;Tissue+enriched+AND+sa_location:Secreted+to+digestive+system+AND+tissue_category_rna:Pancreas;Not+detected+AND+tissue_category_rna:Liver;Not+detected
D126	Medium	4	ok	true	true	true	12	6	6	6838	21.1	https://www.proteinatlas.org/search/protein_class:G-protein+coupled+receptors+AND+tissue_category_rna:Retina;Tissue+enriched+AND+tissue_category_rna:Liver;Not+detected+AND+evidence_summary:Evidence+at+protein+level
D127	Medium	3	ok	true	true	true	16	16	16	7643	121.2	https://www.proteinatlas.org/search/tissue_category_rna:Lung;Tissue+enhanced+AND+normal_expression:Lung;alveolar+cells;Medium,High+NOT+protein_class:Cancer-related+genes
D128	Medium	3	ok	true	true	true	4	4	4	6814	122.9	https://www.proteinatlas.org/search/tissue_category_rna:Skeletal+muscle;Tissue+enriched+AND+normal_expression:Skeletal+muscle;myocytes;High+NOT+subcell_location:Nucleoplasm
D129	Medium	2	ok	true	true	true	14	14	14	3866	11.7	https://www.proteinatlas.org/search/tissue_category_rna:Bone+marrow;Tissue+enriched+AND+with_antibodies:No
D130	Medium	2	ok	true	true	true	21	21	21	5792	123.3	https://www.proteinatlas.org/search/immune_cell_category_rna:Classical+monocyte;Immune+cell+enhanced+AND+normal_expression:Bone+marrow;hematopoietic+cells;Medium,High
D131	Medium	3	ok	true	true	true	19	19	19	5926	9.3	https://www.proteinatlas.org/search/brain_category_rna:Cerebral+cortex;Region+enriched+AND+brain_category_rna:Cerebellum;Not+detected+AND+brain_category_rna:Hypothalamus;Not+detected
D132	Medium	4	ok	true	true	true	6	6	6	6997	18.5	https://www.proteinatlas.org/search/protein_class:FDA+approved+drug+targets+AND+tissue_category_rna:Liver;Tissue+enriched+AND+subcell_location:Cytosol+NOT+sa_location:Secreted+to+blood
D133	Medium	4	ok	true	true	true	2	2	2	8550	126.7	https://www.proteinatlas.org/search/protein_class:Transporters+AND+tissue_category_rna:Kidney;Tissue+enriched+AND+normal_expression:Kidney;cells+in+tubules;High+AND+tissue_category_rna:Liver;Not+detected
D134	Medium	3	ok	true	true	true	3	3	3	5249	10.4	https://www.proteinatlas.org/search/tissue_category_rna:Adipose+tissue;Tissue+enhanced+AND+tissue_category_rna:Liver;Not+detected+AND+sa_location:Secreted+to+blood
D135	Medium	3	ok	true	true	true	32	32	32	5426	10.4	https://www.proteinatlas.org/search/protein_class:Cancer-related+genes;Candidate+cancer+biomarkers+AND+sa_location:Secreted+to+blood+AND+chromosome:1,2
D136	Medium	4	ok	true	true	true	10	10	10	6325	13.1	https://www.proteinatlas.org/search/protein_class:Transcription+factors+AND+chromosome:21+AND+subcell_location:Nucleoplasm+AND+evidence_summary:Evidence+at+protein+level
D137	Medium	3	ok	true	true	true	18	18	18	5808	11.0	https://www.proteinatlas.org/search/cell_type_category_rna:Cardiomyocytes;Cell+type+enriched+AND+tissue_category_rna:Kidney;Not+detected+NOT+subcell_location:Plasma+membrane
D138	Medium	2	ok	true	true	true	125	125	125	4184	6.0	https://www.proteinatlas.org/search/tissue_category_rna:Heart+muscle;Group+enriched+NOT+sa_location:Secreted+to+blood
D139	Medium	2	ok	true	true	true	23	23	23	4524	5.7	https://www.proteinatlas.org/search/expressionclusterbrain:42%3AChoroid+plexus+-+Mitochondria+AND+brain_category_rna:Choroid+plexus;Region+enriched
D140	Medium	3	ok	true	true	true	73	18	18	5522	12.9	https://www.proteinatlas.org/search/immune_cell_lineage_category_rna:T-cells;Lineage+enriched+AND+tissue_category_rna:Liver;Not+detected+AND+subcell_location:Plasma+membrane
D141	Medium	3	ok	true	true	true	10	10	10	5395	11.8	https://www.proteinatlas.org/search/cell_type_category_rna:Kupffer+cells;Cell+type+enhanced+AND+immune_cell_category_rna:Classical+monocyte;Immune+cell+enhanced+NOT+sa_location:Secreted+to+blood
D142	Medium	3	ok	true	true	true	1	1	1	6805	11.3	https://www.proteinatlas.org/search/protein_class:Transcription+factors;Basic+domains+AND+tissue_category_rna:Testis;Tissue+enriched+AND+tissue_category_rna:Ovary;Not+detected
D143	Medium	3	ok	true	true	true	1859	143	143	6504	17.5	https://www.proteinatlas.org/search/protein_class:Transcription+factors;Helix-turn-helix+domains+AND+brain_category_rna:Detected+in+all+AND+subcell_location:Nucleoplasm;Main+location
D144	Medium	3	ok	true	true	true	12	12	12	6030	11.0	https://www.proteinatlas.org/search/protein_class:Enzymes;Metallopeptidases+AND+sa_location:Secreted+to+extracellular+matrix+AND+tissue_category_rna:Liver;Not+detected
D145	Easy	3	ok	true	true	true	68	14	14	6401	27.3	https://www.proteinatlas.org/search/protein_class:Enzymes;Oxidoreductases+AND+subcell_location:Mitochondria+AND+tissue_category_rna:Liver;Tissue+enhanced
D146	Easy	3	ok	true	true	true	4	1	1	5793	26.9	https://www.proteinatlas.org/search/protein_class:Transporters;Primary+Active+Transporters+AND+subcell_location:Plasma+membrane+AND+chromosome:X
D147	Medium	3	ok	true	true	true	12	12	12	6431	12.2	https://www.proteinatlas.org/search/protein_class:Transporters;Electrochemical+Potential-driven+transporters+AND+tissue_category_rna:Kidney;Tissue+enriched+AND+tissue_category_rna:Liver;Not+detected
D148	Medium	2	ok	true	true	true	3	3	3	5251	115.8	https://www.proteinatlas.org/search/normal_expression:Colon;glandular+cells;High+AND+sa_location:Secreted+to+digestive+system
D149	Medium	2	ok	true	true	true	35	35	35	5745	111.1	https://www.proteinatlas.org/search/immune_cell_lineage_category_rna:B-cells;Lineage+enriched+AND+normal_expression:Spleen;cells+in+white+pulp;Medium,High
D150	Medium	3	ok	true	true	true	28	28	28	6720	109.3	https://www.proteinatlas.org/search/normal_expression:Skin;keratinocytes;High+AND+tissue_category_rna:Liver;Not+detected+AND+tissue_category_rna:Kidney;Not+detected
D151	Medium	3	ok	true	true	true	1	1	1	6316	20.5	https://www.proteinatlas.org/search/protein_class:Voltage-gated+ion+channels+AND+brain_category_rna:Cerebral+cortex;Region+enhanced+AND+tissue_category_rna:Liver;Not+detected
D152	Hard	4	ok	true	true	true	43	22	22	8530	25.7	https://www.proteinatlas.org/search/protein_class:Enzymes+AND+cell_type_category_rna:Hepatocytes;Cell+type+enriched+AND+normal_expression:Liver;hepatocytes;High+NOT+sa_location:Secreted+to+blood
D153	Medium	3	ok	true	true	true	24	24	24	4912	10.3	https://www.proteinatlas.org/search/cell_type_category_rna:Plasma+cells;Cell+type+enhanced+AND+sa_location:Secreted+to+blood+NOT+sa_location:Secreted+to+digestive+system
D154	Medium	3	ok	true	true	true	16	16	16	5929	11.3	https://www.proteinatlas.org/search/tissue_category_rna:Salivary+gland;Tissue+enhanced+AND+cell_type_category_rna:Salivary+duct+cells;Cell+type+enhanced+AND+tissue_category_rna:Liver;Not+detected
D155	Medium	5	error	false	false	false			62	9814	25.3	
D156	Medium	3	ok	true	true	true	89	89	89	5318	16.7	https://www.proteinatlas.org/search/tissue_category_rna:Bone+marrow;Tissue+enriched+AND+evidence_summary:Evidence+at+protein+level+NOT+subcell_location:Plasma+membrane
D157	Medium	3	ok	true	true	true	4	4	4	6250	14.8	https://www.proteinatlas.org/search/cell_type_category_rna:Plasma+cells;Cell+type+enriched+AND+sa_location:Secreted+to+blood+NOT+protein_class:T-cell+receptor+genes
D158	Medium	2	ok	true	true	true	34	34	34	5254	11.7	https://www.proteinatlas.org/search/tissue_category_rna:Retina;Tissue+enriched+AND+cell_type_category_rna:Rod+photoreceptor+cells;Cell+type+enhanced
D159	Medium	3	ok	true	true	true	4	4	4	5775	14.6	https://www.proteinatlas.org/search/cell_type_category_rna:Melanocytes;Cell+type+enriched+AND+tissue_category_rna:Liver;Not+detected+AND+tissue_category_rna:Kidney;Not+detected
D160	Medium	3	ok	true	true	true	1	1	1	5332	6.6	https://www.proteinatlas.org/search/cell_type_category_rna:Adipocytes;Cell+type+enriched+AND+sa_location:Secreted+to+blood+AND+tissue_category_rna:Liver;Not+detected
D161	Medium	3	ok	true	true	true	3	3	3	5666	8.6	https://www.proteinatlas.org/search/tissue_category_rna:Lung;Tissue+enriched+AND+cell_type_category_rna:Alveolar+cells+type+2;Cell+type+enriched+AND+sa_location:Secreted+-+unknown+location,Secreted+in+other+tissues
D162	Easy	3	ok	true	true	true	12	12	12	6194	7.8	https://www.proteinatlas.org/search/protein_class:Transporters+AND+subcell_location:Plasma+membrane+AND+tissue_category_rna:Kidney;Tissue+enhanced
D163	Medium	3	ok	true	true	true	1	1	1	5341	8.0	https://www.proteinatlas.org/search/cell_type_category_rna:Paneth+cells;Cell+type+enhanced+AND+sa_location:Secreted+to+digestive+system+AND+tissue_category_rna:Liver;Not+detected
D164	Hard	3	ok	true	true	true	5928	456	456	5957	10.3	https://www.proteinatlas.org/search/expressionclusterbrain:14%3ANeurons+-+Synaptic+function+AND+brain_category_rna:Detected+in+all+NOT+cell_type_category_rna:Astrocytes;Cell+type+enhanced
D165	Medium	3	ok	true	true	true	90	90	90	5067	9.5	https://www.proteinatlas.org/search/expressionclusterbrain:41%3AMonoamines+-+Neurotransmitter+signalling+AND+tissue_category_rna:Liver;Not+detected+AND+evidence_summary:Evidence+at+protein+level
D166	Medium	3	ok	true	true	true	20	20	20	5286	9.2	https://www.proteinatlas.org/search/expressionclusterbrain:20%3AMacrophages+%26+Microglia+-+Immune+response+AND+immune_cell_category_rna:Classical+monocyte,Non-classical+monocyte;Immune+cell+enhanced+NOT+sa_location:Secreted+to+blood
D167	Medium	3	ok	true	true	true	1	1	1	5817	18.7	https://www.proteinatlas.org/search/cell_type_category_rna:Schwann+cells;Cell+type+enriched+AND+brain_category_rna:Cerebral+cortex;Not+detected+AND+brain_category_rna:Cerebellum;Not+detected
D168	Medium	3	ok	true	true	true	22	22	22	7362	107.2	https://www.proteinatlas.org/search/cell_type_category_rna:Cholangiocytes;Cell+type+enhanced+AND+normal_expression:Liver;cholangiocytes;Medium,High+NOT+cell_type_category_rna:Hepatocytes;Cell+type+enriched
D169	Medium	3	ok	false	false	true	130	24	47	9597	114.9	https://www.proteinatlas.org/search/tissue_category_rna:Kidney;Tissue+enhanced+AND+tissue_category_rna:Detected+in+some+AND+normal_expression:Liver;hepatocytes;Not+detected
D170	Medium	3	ok	true	true	true	726	22	22	5875	20.6	https://www.proteinatlas.org/search/subcell_location:Plasma+membrane+AND+cell_type_category_rna:Lymphatic+endothelial+cells;Cell+type+enhanced+AND+tissue_category_rna:Detected+in+all
D171	Medium	3	ok	true	true	true	6	1	1	6230	22.1	https://www.proteinatlas.org/search/cell_type_category_rna:Smooth+muscle+cells;Cell+type+enriched+AND+subcell_location:Actin+filaments+NOT+tissue_category_rna:Heart+muscle;Tissue+enriched
D172	Medium	2	ok	true	true	true	1	1	1	4292	17.0	https://www.proteinatlas.org/search/cell_type_category_rna:Fibroblasts;Cell+type+enriched+AND+sa_location:Secreted+to+extracellular+matrix
D173	Medium	3	ok	true	true	true	13	13	13	6265	104.6	https://www.proteinatlas.org/search/tissue_category_rna:Skeletal+muscle;Tissue+enriched+AND+normal_expression:Skeletal+muscle;myocytes;Medium,High+AND+evidence_summary:Evidence+at+protein+level
D174	Medium	2	ok	true	true	true	1	1	1	4256	14.8	https://www.proteinatlas.org/search/cell_type_category_rna:Salivary+duct+cells;Cell+type+enhanced+AND+sa_location:Secreted+to+digestive+system
D175	Medium	2	ok	true	true	true	3	3	3	4829	11.7	https://www.proteinatlas.org/search/cell_type_category_rna:Paneth+cells;Cell+type+enriched+AND+sa_location:Secreted+to+digestive+system
D176	Medium	3	ok	true	true	true	2	2	2	5300	11.3	https://www.proteinatlas.org/search/tissue_category_rna:Placenta;Tissue+enriched+AND+cell_type_category_rna:Syncytiotrophoblasts;Cell+type+enriched+AND+sa_location:Secreted+to+blood
D177	Medium	3	ok	true	true	true	14	14	14	5734	12.1	https://www.proteinatlas.org/search/tissue_category_rna:Retina;Tissue+enriched+AND+cell_type_category_rna:Rod+photoreceptor+cells;Cell+type+enriched+AND+tissue_category_rna:Liver;Not+detected
D178	Medium	2	ok	true	true	true	78	78	78	4521	8.1	https://www.proteinatlas.org/search/expressionclusterblood:44%3APlasmacytoid+DCs+-+Plasma+membrane+proteins+AND+immune_cell_lineage_category_rna:Dendritic+cells;Lineage+enriched
D179	Medium	2	ok	true	true	true	31	31	31	4783	13.5	https://www.proteinatlas.org/search/tissue_category_rna:Ovary;Tissue+enhanced+AND+cell_type_category_rna:Granulosa+cells;Cell+type+enhanced
D180	Medium	2	ok	true	true	true	25	25	25	4751	6.8	https://www.proteinatlas.org/search/cell_type_category_rna:Oocytes;Cell+type+enriched+AND+tissue_category_rna:Testis;Not+detected
D181	Medium	2	ok	true	true	true	8	8	8	4902	7.2	https://www.proteinatlas.org/search/tissue_category_rna:Breast;Tissue+enhanced+AND+cell_type_category_rna:Breast+myoepithelial+cells;Cell+type+enhanced
D182	Medium	3	ok	true	true	true	42	10	10	5616	14.9	https://www.proteinatlas.org/search/subcell_location:Plasma+membrane+AND+tissue_category_rna:Kidney;Tissue+enhanced+AND+tissue_category_rna:Liver;Not+detected
D183	Medium	2	ok	true	true	true	26	26	26	5533	7.5	https://www.proteinatlas.org/search/protein_class:Transporters+AND+cell_type_category_rna:Salivary+duct+cells;Cell+type+enhanced
D184	Medium	3	ok	true	true	true	2	2	2	5525	12.1	https://www.proteinatlas.org/search/tissue_category_rna:Lung;Tissue+enhanced+AND+cell_type_category_rna:Alveolar+cells+type+2;Cell+type+enhanced+AND+sa_location:Secreted+-+unknown+location,Secreted+in+other+tissues
D185	Medium	3	ok	true	true	true	12	12	12	5336	10.1	https://www.proteinatlas.org/search/chromosome:X+AND+tissue_category_rna:Testis;Tissue+enriched+AND+cell_type_category_rna:Late+spermatids;Cell+type+enriched
D186	Medium	3	ok	true	true	true	12	12	12	5351	17.7	https://www.proteinatlas.org/search/cell_type_category_rna:Hofbauer+cells;Cell+type+enhanced+AND+tissue_category_rna:Placenta;Tissue+enhanced+NOT+sa_location:Secreted+to+blood
D187	Medium	2	ok	true	true	true	120	120	120	4879	6.5	https://www.proteinatlas.org/search/cell_type_category_rna:Basal+keratinocytes;Cell+type+enhanced+AND+tissue_category_rna:Liver;Not+detected
D188	Easy	2	ok	true	true	true	5	5	5	3957	5.5	https://www.proteinatlas.org/search/expressionclusterblood:26%3AMonocytes+-+Plasma+membrane+proteins+AND+with_antibodies:No
D189	Medium	2	ok	true	true	true	20	20	20	4277	6.7	https://www.proteinatlas.org/search/cell_type_category_rna:Mesothelial+cells;Cell+type+enhanced+AND+sa_location:Secreted+to+extracellular+matrix
D190	Medium	3	ok	true	true	true	275	68	68	5339	12.8	https://www.proteinatlas.org/search/subcell_location:Plasma+membrane+AND+cell_type_category_rna:Lymphatic+endothelial+cells;Cell+type+enhanced+NOT+sa_location:Secreted+to+blood
D191	Medium	3	ok	true	true	true	7	2	2	5802	12.4	https://www.proteinatlas.org/search/subcell_location:Plasma+membrane+AND+cell_type_category_rna:T-cells;Cell+type+enriched+AND+immune_cell_lineage_category_rna:T-cells;Lineage+enriched
D192	Medium	3	ok	true	true	true	2	2	2	5361	6.5	https://www.proteinatlas.org/search/cell_type_category_rna:B-cells;Cell+type+enhanced+AND+immune_cell_category_rna:Memory+B-cell;Immune+cell+enhanced+AND+sa_location:Secreted+to+blood
D193	Medium	3	ok	true	true	true	3	3	3	5322	10.2	https://www.proteinatlas.org/search/cell_type_category_rna:NK-cells;Cell+type+enriched+AND+immune_cell_category_rna:NK-cell;Immune+cell+enriched+NOT+sa_location:Secreted+to+blood
D194	Medium	2	ok	true	true	true	195	195	195	5984	74.4	https://www.proteinatlas.org/search/cell_type_category_rna:Macrophages;Cell+type+enhanced+AND+normal_expression:Lung;macrophages;Medium,High
D195	Medium	3	ok	true	true	true	23	23	23	5422	10.0	https://www.proteinatlas.org/search/immune_cell_category_rna:Neutrophil;Immune+cell+enhanced+AND+immune_cell_lineage_category_rna:Granulocytes;Lineage+enriched+AND+tissue_category_rna:Liver;Not+detected
D196	Medium	2	ok	true	true	true	59	59	59	4587	9.9	https://www.proteinatlas.org/search/expressionclusterblood:2%3ADendritic+cells+-+Unknown+function+AND+immune_cell_category_rna:Myeloid+DC,Plasmacytoid+DC;Immune+cell+enhanced
D197	Medium	3	ok	true	true	true	29	7	7	5820	17.6	https://www.proteinatlas.org/search/subcell_location:Plasma+membrane+AND+cell_type_category_rna:Monocytes;Cell+type+enhanced+AND+immune_cell_lineage_category_rna:Monocytes;Lineage+enriched
D198	Medium	3	ok	true	true	true	41	41	41	5402	10.3	https://www.proteinatlas.org/search/cell_type_category_rna:Cytotrophoblasts;Cell+type+enhanced+AND+tissue_category_rna:Placenta;Tissue+enhanced+NOT+sa_location:Secreted+to+blood
D199	Medium	3	ok	true	true	true	4	2	2	6600	21.2	https://www.proteinatlas.org/search/protein_class:Enzymes+AND+cell_type_category_rna:Leydig+cells;Cell+type+enhanced+AND+tissue_category_rna:Testis;Tissue+enhanced
D200	Medium	2	ok	true	true	true	106	106	106	4741	9.0	https://www.proteinatlas.org/search/tissue_category_rna:Esophagus;Tissue+enhanced+AND+cell_type_category_rna:Suprabasal+keratinocytes;Cell+type+enhanced
D201	Hard	6	ok	true	true	true	14	6	6	9648	29.4	https://www.proteinatlas.org/search/protein_class:Enzymes+AND+tissue_category_rna:Liver;Tissue+enriched+AND+sa_location:Secreted+to+blood+AND+evidence_summary:Evidence+at+protein+level+AND+tissue_category_rna:Kidney;Not+detected+NOT+protein_class:FDA+approved+drug+targets
D202	Hard	6	ok	true	true	true	65	5	5	10362	28.9	https://www.proteinatlas.org/search/protein_class:Voltage-gated+ion+channels+AND+brain_category_rna:Detected+in+all+AND+tissue_category_rna:Liver;Not+detected+AND+tissue_category_rna:Kidney;Not+detected+AND+subcell_location:Plasma+membrane+NOT+protein_class:FDA+approved+drug+targets;Small+molecule+drugs
D203	Hard	6	ok	true	true	true	1	1	1	9165	27.9	https://www.proteinatlas.org/search/protein_class:Transporters+AND+subcell_location:Plasma+membrane+AND+tissue_category_rna:Kidney;Tissue+enriched+AND+tissue_category_rna:Liver;Not+detected+AND+tissue_category_rna:Testis;Not+detected+NOT+sa_location:Secreted+to+blood
D204	Hard	6	ok	true	true	true	2	2	2	8321	25.7	https://www.proteinatlas.org/search/tissue_category_rna:Pancreas;Tissue+enriched+AND+protein_class:Enzymes;Peptidases+AND+sa_location:Secreted+to+digestive+system+AND+evidence_summary:Evidence+at+protein+level+AND+tissue_category_rna:Liver;Not+detected+NOT+sa_location:Secreted+to+blood
D205	Hard	6	ok	true	true	true	3	3	3	11332	27.7	https://www.proteinatlas.org/search/protein_class:Transcription+factors+AND+tissue_category_rna:Testis;Tissue+enriched+AND+cell_type_category_rna:Early+spermatids,Late+spermatids;Cell+type+enhanced+AND+tissue_category_rna:Liver;Not+detected+AND+subcell_location:Nucleoplasm+NOT+protein_class:Cancer-related+genes
D206	Hard	5	ok	true	true	true	23	5	5	7198	26.5	https://www.proteinatlas.org/search/immune_cell_category_rna:Neutrophil;Immune+cell+enhanced+AND+immune_cell_lineage_category_rna:Granulocytes;Lineage+enriched+AND+subcell_location:Plasma+membrane+AND+tissue_category_rna:Liver;Not+detected+NOT+sa_location:Secreted+to+blood
D207	Hard	5	ok	true	true	true	1	1	1	9120	50.2	https://www.proteinatlas.org/search/tissue_category_rna:Heart+muscle;Tissue+enriched+AND+cell_type_category_rna:Cardiomyocytes;Cell+type+enhanced+AND+normal_expression:Heart+muscle;cardiomyocytes;Medium,High+AND+tissue_category_rna:Liver;Not+detected+NOT+subcell_location:Nucleoplasm
D208	Medium	5	ok	true	true	true	1	1	1	7636	21.9	https://www.proteinatlas.org/search/tissue_category_rna:Placenta;Tissue+enriched+AND+cell_type_category_rna:Syncytiotrophoblasts;Cell+type+enhanced+AND+sa_location:Secreted+to+blood+AND+tissue_category_rna:Liver;Not+detected+AND+evidence_summary:Evidence+at+protein+level
D209	Hard	7	ok	false	true	true	9	5	5	9095	16.2	https://www.proteinatlas.org/search/protein_class:G-protein+coupled+receptors+AND+tissue_category_rna:Retina;Tissue+enriched+AND+cell_type_category_rna:Cone+photoreceptor+cells,Rod+photoreceptor+cells;Cell+type+enriched+NOT+protein_class:FDA+approved+drug+targets
D210	Hard	5	ok	true	true	true	1	1	1	7561	16.1	https://www.proteinatlas.org/search/cancer_category_rna:Liver+Hepatocellular+Carcinoma;Cancer+enriched+AND+prognostic:Liver+Hepatocellular+Carcinoma;Unfavorable+-+potential+prognostic,Unfavorable+-+validated+prognostic+AND+tissue_category_rna:Liver;Tissue+enriched+AND+cell_type_category_rna:Hepatocytes;Cell+type+enriched+NOT+sa_location:Secreted+to+blood
D211	Hard	4	ok	false	false	true	25	6	5	8159	18.4	https://www.proteinatlas.org/search/prognostic:Kidney+Renal+Clear+Cell+Carcinoma;Favorable+-+validated+prognostic+AND+tissue_category_rna:Kidney;Tissue+enriched,Group+enriched,Tissue+enhanced+AND+subcell_location:Plasma+membrane+NOT+protein_class:Transporters
D212	Hard	4	ok	true	true	true	91	91	91	6682	14.7	https://www.proteinatlas.org/search/expressionclusterbrain:10%3ACerebellum+-+Nucleic+acid+binding+AND+tissue_category_rna:Liver;Not+detected+AND+tissue_category_rna:Kidney;Not+detected+NOT+subcell_location:Plasma+membrane
D213	Hard	6	ok	true	true	true	2	2	2	11062	58.7	https://www.proteinatlas.org/search/cell_type_category_rna:Suprabasal+keratinocytes;Cell+type+enhanced+AND+normal_expression:Skin;keratinocytes;Medium,High+AND+tissue_category_rna:Liver;Not+detected+AND+tissue_category_rna:Kidney;Not+detected+AND+tissue_category_rna:Lung;Not+detected+NOT+protein_class:Cancer-related+genes
D214	Hard	4	ok	false	false	true	17	17	15	9091	16.9	https://www.proteinatlas.org/search/tissue_category_rna:Thyroid+gland;Tissue+enriched,Group+enriched,Tissue+enhanced+AND+normal_expression:Thyroid+gland;glandular+cells;Medium,High+AND+tissue_category_rna:Liver;Not+detected+NOT+protein_class:Enzymes
D215	Hard	6	ok	false	false	true	15	7	2	17765	90.0	https://www.proteinatlas.org/search/protein_class:Enzymes+AND+tissue_category_rna:Adrenal+gland;Tissue+enriched+AND+subcell_location:Endoplasmic+reticulum,Mitochondria+AND+normal_expression:Cerebral+cortex;neuronal+cells;Not+detected+AND+normal_expression:Liver;hepatocytes;Not+detected+NOT+sa_location:Secreted+to+blood
D216	Hard	6	ok	true	true	true	2	2	2	10664	17.7	https://www.proteinatlas.org/search/tissue_category_rna:Prostate;Tissue+enriched+AND+cell_type_category_rna:Prostatic+glandular+cells;Cell+type+enriched+AND+sa_location:Secreted+in+male+reproductive+system+AND+normal_expression:Prostate;glandular+cells;Medium,High+AND+tissue_category_rna:Liver;Not+detected+NOT+protein_class:CD+markers
D217	Hard	6	ok	false	false	true	9	9	5	10858	13.7	https://www.proteinatlas.org/search/tissue_category_rna:Bone+marrow;Tissue+enriched+AND+immune_cell_lineage_category_rna:Granulocytes,Monocytes;Lineage+enriched,Group+enriched+AND+normal_expression:Bone+marrow;hematopoietic+cells;Medium,High+AND+tissue_category_rna:Liver;Not+detected+NOT+subcell_location:Plasma+membrane+NOT+protein_class:Transcription+factors
D218	Hard	5	ok	true	true	true	29	29	29	7070	11.1	https://www.proteinatlas.org/search/tissue_category_rna:Pancreas,Salivary+gland;Tissue+enriched+AND+sa_location:Secreted+to+digestive+system+AND+tissue_category_rna:Liver;Not+detected+AND+tissue_category_rna:Kidney;Not+detected+NOT+sa_location:Secreted+to+blood
D219	Hard	5	ok	true	true	true	5	5	5	9781	13.9	https://www.proteinatlas.org/search/tissue_category_rna:Lung;Tissue+enhanced+AND+cell_type_category_rna:Alveolar+cells+type+2;Cell+type+enhanced+AND+normal_expression:Lung;alveolar+cells;Medium,High+AND+evidence_summary:Evidence+at+protein+level+NOT+protein_class:Cancer-related+genes
D220	Hard	7	ok	false	false	true	20	20	61	14111	69.4	https://www.proteinatlas.org/search/tissue_category_rna:Testis;Tissue+enriched+AND+cell_type_category_rna:Late+spermatids;Cell+type+enriched+AND+tissue_category_rna:Liver;Not+detected+AND+tissue_category_rna:Kidney;Not+detected+AND+normal_expression:Ovary;follicle+cells;Not+detected+NOT+protein_class:Transcription+factors
D221	Medium	5	ok	true	true	true	6	6	6	8286	16.8	https://www.proteinatlas.org/search/protein_class:Transporters+AND+brain_category_rna:Choroid+plexus;Region+enriched+AND+tissue_category_rna:Liver;Not+detected+AND+subcell_location:Plasma+membrane+AND+evidence_summary:Evidence+at+protein+level
D222	Hard	5	ok	true	true	true	2	2	2	8335	10.4	https://www.proteinatlas.org/search/brain_category_rna:Hypothalamus;Region+enriched+AND+sa_location:Secreted+in+brain,Secreted+to+blood+AND+tissue_category_rna:Liver;Not+detected+AND+tissue_category_rna:Kidney;Not+detected+NOT+protein_class:Enzymes
D223	Hard	7	ok	true	true	true	2	2	2	9812	14.5	https://www.proteinatlas.org/search/tissue_category_rna:Pituitary+gland;Tissue+enriched+AND+sa_location:Secreted+to+blood+AND+tissue_category_rna:Liver;Not+detected+AND+tissue_category_rna:Kidney;Not+detected+AND+tissue_category_rna:Lung;Not+detected+AND+evidence_summary:Evidence+at+protein+level+NOT+protein_class:Enzymes
D224	Hard	4	ok	true	true	true	2	2	2	7346	9.0	https://www.proteinatlas.org/search/tissue_category_rna:Parathyroid+gland,Thyroid+gland;Tissue+enriched+AND+sa_location:Secreted+to+blood+AND+tissue_category_rna:Liver;Not+detected+NOT+protein_class:Enzymes
D225	Hard	6	ok	true	true	true	2	2	2	8847	21.4	https://www.proteinatlas.org/search/protein_class:Enzymes;Peptidases+AND+sa_location:Secreted+to+digestive+system+AND+tissue_category_rna:Liver;Not+detected+AND+tissue_category_rna:Kidney;Not+detected+AND+tissue_category_rna:Lung;Not+detected+NOT+sa_location:Secreted+to+blood
D226	Hard	4	ok	true	true	true	19	19	19	6454	8.9	https://www.proteinatlas.org/search/tissue_category_rna:Ovary;Tissue+enhanced+AND+cell_type_category_rna:Granulosa+cells,Ovarian+stromal+cells;Cell+type+enhanced+AND+tissue_category_rna:Testis;Not+detected+NOT+sa_location:Secreted+to+blood
D227	Hard	5	ok	true	true	true	56	56	56	8149	9.8	https://www.proteinatlas.org/search/tissue_category_rna:Epididymis;Tissue+enriched+AND+sa_location:Secreted+in+male+reproductive+system+AND+tissue_category_rna:Liver;Not+detected+AND+tissue_category_rna:Kidney;Not+detected+NOT+protein_class:Enzymes
D228	Hard	4	ok	true	true	true	96	96	96	6297	12.1	https://www.proteinatlas.org/search/tissue_category_rna:Fallopian+tube;Tissue+enhanced+AND+tissue_category_rna:Liver;Not+detected+AND+evidence_summary:Evidence+at+protein+level+NOT+subcell_location:Nucleoplasm
D229	Hard	4	ok	true	true	true	2	2	2	8267	10.4	https://www.proteinatlas.org/search/tissue_category_rna:Esophagus,Tongue;Tissue+enriched+AND+cell_type_category_rna:Suprabasal+keratinocytes;Cell+type+enhanced+AND+tissue_category_rna:Liver;Not+detected+NOT+protein_class:Cancer-related+genes
D230	Medium	4	ok	false	false	true	19	5	1	12147	67.5	https://www.proteinatlas.org/search/tissue_category_rna:Urinary+bladder;Tissue+enhanced+AND+normal_expression:Urinary+bladder;urothelial+cells;Medium,High+AND+subcell_location:Plasma+membrane+AND+normal_expression:Liver;hepatocytes;Not+detected
D231	Hard	4	ok	true	true	true	2	2	2	7414	62.8	https://www.proteinatlas.org/search/tissue_category_rna:Breast;Tissue+enhanced+AND+normal_expression:Breast;myoepithelial+cells;Medium,High+AND+tissue_category_rna:Liver;Not+detected+NOT+sa_location:Secreted+to+blood
D232	Hard	6	ok	true	true	true	3	3	3	9308	13.3	https://www.proteinatlas.org/search/tissue_category_rna:Seminal+vesicle;Tissue+enriched+AND+sa_location:Secreted+in+male+reproductive+system+AND+tissue_category_rna:Liver;Not+detected+AND+tissue_category_rna:Kidney;Not+detected+AND+tissue_category_rna:Lung;Not+detected+NOT+protein_class:Enzymes
D233	Medium	3	ok	true	true	true	7	7	7	6098	7.8	https://www.proteinatlas.org/search/tissue_category_rna:Gallbladder;Tissue+enhanced+AND+cell_type_category_rna:Cholangiocytes;Cell+type+enhanced+NOT+cell_type_category_rna:Hepatocytes;Cell+type+enriched
D234	Medium	4	ok	true	true	true	15	15	15	6640	13.2	https://www.proteinatlas.org/search/tissue_category_rna:Smooth+muscle;Tissue+enhanced+AND+cell_type_category_rna:Smooth+muscle+cells;Cell+type+enhanced+AND+evidence_summary:Evidence+at+protein+level+NOT+tissue_category_rna:Heart+muscle;Tissue+enriched
D235	Hard	4	ok	false	false	true	35	35	22	6855	16.7	https://www.proteinatlas.org/search/tissue_category_rna:Cervix,Vagina;Tissue+enriched,Group+enriched,Tissue+enhanced+AND+cell_type_category_rna:Suprabasal+keratinocytes;Cell+type+enhanced+AND+tissue_category_rna:Liver;Not+detected+NOT+sa_location:Secreted+to+blood
D236	Hard	7	ok	true	true	true	1	1	1	10209	23.6	https://www.proteinatlas.org/search/tissue_category_rna:Adipose+tissue;Tissue+enhanced+AND+cell_type_category_rna:Adipocytes;Cell+type+enhanced+AND+sa_location:Secreted+to+blood+AND+tissue_category_rna:Liver;Not+detected+AND+tissue_category_rna:Kidney;Not+detected+AND+evidence_summary:Evidence+at+protein+level+NOT+protein_class:Enzymes
